Product Name,Size,Quantity
J-Cruise Czarny Połysk,XS,0
J-Cruise Czarny Połysk,S,0
Hornet ADV czarny połysk,XS,0
Hornet ADV czarny połysk,S,0
Hornet ADV biały połysk,XS,0
Hornet ADV czarny mat,XS,1
Hornet ADV czarny mat,M,0
Hornet ADV ciemnoszary mat,XL,1
GT AIR,XS,0
GT AIR,M,0
NEOTEC,S,0
NEOTEC,M,0
NEOTEC,L,0
J.O biały połysk,XXS,0
J.O biały połysk,XS,1
J.O czarny połysk,XXS,1
J.O czarny połysk,XS,1
J.O czarny połysk,XL,0
J.O Carburettor TC-8,XXS,1
J.O Carburettor TC-8,XS,0
NXR Biały Połysk,S,0
Qwest BLACK,XS,0
NEOTEC,XS,0
NEOTEC,S,0
NEOTEC,L,0
GT AIR,XS,0
GT AIR,M,0
GT AIR,L,0
GT-AIR WANDERER,M,0
J-Cruise r. S Wyprzedaż!!,XS,0
NXR BEAUFIGHTER TC-2,S,0
J-Cruise II czarny połysk,XL,0
J-Cruise II biały połysk,XXS,0
J-Cruise II czarny mat,XXS,0
J-Cruise II Adagio TC-1,S,0
J-Cruise II Adagio TC-5,S,0
J-Cruise II Adagio TC-6,XS,0
Glamster Ressurection TC-2,M,0
Hornet ADV Sovereign TC-1,XL,1
Hornet ADV Sovereign TC-3,XS,1
Hornet ADV Sovereign TC-3,S,1
GT-Air II Panorama TC-10,S,0
GT-Air II Panorama TC-10,XL,1
J.O czarny mat,S,0
J.O zielony,L,0
J.O niebieski,XL,0
GT-Air II czarny połysk,XL,0
GT-Air II biały połysk,XL,1
GT-Air II biały połysk,XL,0
GT-Air II Aperture TC-4 czarno-zielony,XS,0
GT-Air II Tesseract TC-1 czarno-szaro-czerwony mat,XS,0
GT-Air II Tesseract TC-1 czarno-szaro-czerwony mat,XL,1
GT-Air II Tesseract TC-10 biało-czarno-czerwony,XS,0
GT-Air II Tesseract TC-10 biało-czarno-czerwony,XL,1
GT-Air II Notch TC-1 czerwono-czarny,XS,0
GT-Air II Notch TC-5 czarno-srebrny,XS,0
GT-Air II Notch TC-5 czarno-srebrny,XL,1
GT-Air II Notch TC-8 czarno-pomarańczowy,XXS,1
GT-Air II Notch TC-8 czarno-pomarańczowy,XS,2
GT-Air II Notch TC-8 czarno-pomarańczowy,L,1
GT-Air II Notch TC-8 czarno-pomarańczowy,L,1
GT-Air II Notch TC-8 czarno-pomarańczowy,XL,1
GT-Air II MM93 Collection Road TC-5 czarno-czerwony,XL,0
Neotec II czarny połysk,XXS,0
Neotec II srebrny połysk,XS,0
Neotec II czarny mat,XXS,0
Neotec II niebieski mat,XS,0
Neotec II ciemnoszary mat,XS,0
Neotec II Separator TC-3 czarno-żółty,XXS,1
Neotec II Separator TC-3 czarno-żółty,XS,0
Neotec II Separator TC-5 czarno-biało-czerwony,XS,2
Neotec II Separator TC-5 czarno-biało-czerwony,XS,1
Neotec II Separator TC-10 biało-niebieski,XXS,0
Neotec II Respect TC-5 czarno-szaro-czerwony,509???,2
Neotec II Respect TC-5 czarno-szaro-czerwony,XXS,2
Neotec II Respect TC-5 czarno-szaro-czerwony,XS,0
Neotec II Jaunt TC-1 czarno-biało-czerwony,XXS,1
Neotec II Jaunt TC-1 czarno-biało-czerwony,L,0
Neotec II Jaunt TC-5 czarno-szary,XS,0
Neotec II 2-Way TC-5 czarno-szary,XXS,1
Neotec II 2-Way TC-5 czarno-szary,XS,1
EX-Zero biały połysk,XS,0
EX-Zero czarny mat,XL,0
EX-Zero czarny połysk,S,0
EX-Zero szary połysk,L,0
Trial TR-3 biały połysk,XS,0
Glamster 06 czarny połysk,XS,1
Glamster 06 czarny połysk,S,1
Glamster 06 czarny połysk,M,2
Glamster 06 biały połysk,XS,1
Glamster 06 biały połysk,M,1
Glamster 06 czarny mat,XS,1
Glamster 06 szary połysk,XS,0
Glamster 06 szary połysk,M,1
Glamster 06 szary połysk,L,1
Glamster 06 niebieski połysk,XS,1
Glamster 06 Bivouac TC-9 czarny,L,1
Glamster 06 Cheetah TC-2 niebieski,XS,1
Glamster 06 Abiding TC-10,XS,0
Glamster 06 Abiding TC-10,M,1
Glamster 06 Abiding TC-10,L,1
Glamster 06 Abiding TC-10,L,1
Glamster 06 Abiding TC-3,S,1
Glamster 06 Abiding TC-3,M,1
Glamster 06 Abiding TC-1,L,1
VFX-WR 06 czarny połysk,S,1
VFX-WR 06 czarny połysk,L,1
VFX-WR 06 czarny matowy,S,2
VFX-WR 06 czarny matowy,M,1
VFX-WR 06 biały,XS,1
VFX-WR 06 biały,S,2
VFX-WR 06 biały,M,2
VFX-WR 06 biały,L,1
VFX-WR 06 Jammer TC-8 czarno-biało-pomarańczowy,M,1
VFX-WR 06 Jammer TC-8 czarno-biało-pomarańczowy,L,2
VFX-WR 06 Jammer TC-5 czarno-szaro-biały,XL,1
VFX-WR 06 Jammer TC-1 czarno-biało-czerwony,XXS,1
VFX-WR 06 Jammer TC-1 czarno-biało-czerwony,S,0
Neotec 3 czarny połysk,XXS,1
Neotec 3 czarny połysk,XS,2
Neotec 3 czarny połysk,S,3
Neotec 3 czarny połysk,M,2
Neotec 3 czarny połysk,L,2
Neotec 3 czarny połysk,XL,2
Neotec 3 biały połysk,XXS,1
Neotec 3 biały połysk,XS,3
Neotec 3 biały połysk,S,6
Neotec 3 biały połysk,M,2
Neotec 3 biały połysk,L,4
Neotec 3 biały połysk,XL,3
Neotec 3 srebrny,XXS,1
Neotec 3 srebrny,XS,0
Neotec 3 srebrny,S,1
Neotec 3 srebrny,M,1
Neotec 3 srebrny,L,1
Neotec 3 czarny matowy,XXS,1
Neotec 3 czarny matowy,XS,2
Neotec 3 czarny matowy,S,2
Neotec 3 czarny matowy,M,4
Neotec 3 czarny matowy,L,3
Neotec 3 czarny matowy,XL,0
Neotec 3 antracytowy,XS,1
Neotec 3 antracytowy,S,1
Neotec 3 antracytowy,M,1
Neotec 3 antracytowy,L,1
Neotec 3 ciemnoszary matowy,XXS,1
Neotec 3 ciemnoszary matowy,XS,1
Neotec 3 ciemnoszary matowy,S,1
Neotec 3 ciemnoszary matowy,M,1
Neotec 3 ciemnoszary matowy,L,0
Neotec 3 niebieski matowy,XS,1
Neotec 3 niebieski matowy,S,1
Neotec 3 niebieski matowy,M,1
Neotec 3 Grasp TC-1 czarno-czerwony,XXS,1
Neotec 3 Grasp TC-1 czarno-czerwony,XS,4
Neotec 3 Grasp TC-1 czarno-czerwony,S,3
Neotec 3 Grasp TC-1 czarno-czerwony,M,2
Neotec 3 Grasp TC-1 czarno-czerwony,L,4
Neotec 3 Grasp TC-1 czarno-czerwony,XL,2
Neotec 3 Grasp TC-3 czarno-żółty,XXS,1
Neotec 3 Grasp TC-3 czarno-żółty,XS,1
Neotec 3 Grasp TC-3 czarno-żółty,S,1
Neotec 3 Grasp TC-3 czarno-żółty,M,0
Neotec 3 Grasp TC-3 czarno-żółty,L,2
Neotec 3 Grasp TC-5 czarno-biały,XXS,1
Neotec 3 Grasp TC-5 czarno-biały,XS,4
Neotec 3 Grasp TC-5 czarno-biały,XS,1
Neotec 3 Grasp TC-5 czarno-biały,S,5
Neotec 3 Grasp TC-5 czarno-biały,S,1
Neotec 3 Grasp TC-5 czarno-biały,M,1
Neotec 3 Grasp TC-5 czarno-biały,M,1
Neotec 3 Grasp TC-5 czarno-biały,L,3
Neotec 3 Grasp TC-5 czarno-biały,XL,1
Neotec 3 Grasp TC-10 biało-niebieski,XXS,1
Neotec 3 Grasp TC-10 biało-niebieski,XS,5
Neotec 3 Grasp TC-10 biało-niebieski,S,6
Neotec 3 Grasp TC-10 biało-niebieski,M,1
Neotec 3 Grasp TC-10 biało-niebieski,L,1
Neotec 3 Grasp TC-10 biało-niebieski,XL,2
Neotec 3 Satori TC-5 czarno-biały,XS,4
Neotec 3 Satori TC-5 czarno-biały,S,2
Neotec 3 Satori TC-5 czarno-biały,M,3
Neotec 3 Satori TC-5 czarno-biały,L,3
Neotec 3 Satori TC-5 czarno-biały,XL,2
Neotec 3 Satori TC-6 biało-czarny,XXS,2
Neotec 3 Satori TC-6 biało-czarny,XS,5
Neotec 3 Satori TC-6 biało-czarny,S,6
Neotec 3 Satori TC-6 biało-czarny,M,3
Neotec 3 Satori TC-6 biało-czarny,L,2
Neotec 3 Satori TC-6 biało-czarny,XL,1
Neotec 3 Anthem TC-3,XXS,1
Neotec 3 Anthem TC-3,XS,1
Neotec 3 Anthem TC-3,S,1
Neotec 3 Anthem TC-3,M,2
Neotec 3 Anthem TC-3,L,1
Neotec 3 Anthem TC-3,XL,2
Neotec 3 Anthem TC-5,XXS,1
Neotec 3 Anthem TC-5,XS,1
Neotec 3 Anthem TC-5,S,1
Neotec 3 Anthem TC-5,M,2
Neotec 3 Anthem TC-5,L,1
Neotec 3 Anthem TC-5,XL,1
Neotec 3 Anthem TC-8,XXS,1
Neotec 3 Anthem TC-8,XS,1
Neotec 3 Anthem TC-8,S,1
Neotec 3 Anthem TC-8,M,1
Neotec 3 Anthem TC-8,L,1
Neotec 3 Anthem TC-8,XL,1
Neotec 3 Anthem TC-10,XXS,1
Neotec 3 Anthem TC-10,XS,0
Neotec 3 Anthem TC-10,S,2
Neotec 3 Anthem TC-10,M,1
Neotec 3 Anthem TC-10,L,1
Neotec 3 Anthem TC-10,XL,1
GT-Air 3 czarny połysk,XS,1
GT-Air 3 czarny połysk,S,2
GT-Air 3 czarny połysk,M,2
GT-Air 3 czarny połysk,L,2
GT-Air 3 czarny połysk,XL,3
GT-Air 3 biały połysk,XXS,1
GT-Air 3 biały połysk,XS,1
GT-Air 3 biały połysk,S,1
GT-Air 3 biały połysk,S,1
GT-Air 3 biały połysk,M,3
GT-Air 3 biały połysk,L,2
GT-Air 3 biały połysk,XL,2
GT-Air 3 czarny matowy,XS,1
GT-Air 3 czarny matowy,S,1
GT-Air 3 czarny matowy,M,2
GT-Air 3 czarny matowy,L,1
GT-Air 3 czarny matowy,XL,1
GT-Air 3 ciemnoszary matowy,XS,1
GT-Air 3 ciemnoszary matowy,M,2
GT-Air 3 ciemnoszary matowy,L,1
GT-Air 3 ciemnoszary matowy,XL,1
GT-Air 3 niebieski matowy,M,1
GT-Air 3 Realm TC-1,XS,1
GT-Air 3 Realm TC-1,S,1
GT-Air 3 Realm TC-1,S,1
GT-Air 3 Realm TC-1,M,1
GT-Air 3 Realm TC-1,L,0
GT-Air 3 Realm TC-5,XS,1
GT-Air 3 Realm TC-5,S,2
GT-Air 3 Realm TC-5,M,2
GT-Air 3 Realm TC-5,L,2
GT-Air 3 Realm TC-10,XS,1
GT-Air 3 Realm TC-10,S,2
GT-Air 3 Realm TC-10,M,2
GT-Air 3 Discipline TC-1,S,1
GT-Air 3 Discipline TC-1,M,1
GT-Air 3 Discipline TC-1,L,1
GT-Air 3 Discipline TC-2,XXS,1
GT-Air 3 Discipline TC-2,M,1
GT-Air 3 Discipline TC-2,L,1
GT-Air 3 Discipline TC-2,L,1
GT-Air 3 Discipline TC-6,S,2
GT-Air 3 Discipline TC-6,M,1
GT-Air 3 Discipline TC-6,L,1
GT-Air 3 Scenario TC-3,XS,1
GT-Air 3 Scenario TC-3,S,3
GT-Air 3 Scenario TC-3,M,1
GT-Air 3 Scenario TC-3,L,1
GT-Air 3 Scenario TC-5,XS,1
GT-Air 3 Scenario TC-5,S,1
GT-Air 3 Scenario TC-5,M,5
GT-Air 3 Scenario TC-5,M,1
GT-Air 3 Scenario TC-5,L,1
GT-Air 3 Nile TC-9,XS,1
GT-Air 3 LILT TC-10,XS,1
GT-Air 3 LILT TC-10,S,1
GT-Air 3 LILT TC-10,M,1
GT-Air 3 LILT TC-10,L,1
GT-Air 3 Hike TC-8 czarno-pomarańczowy,XS,1
GT-Air 3 Hike TC-8 czarno-pomarańczowy,S,1
GT-Air 3 Hike TC-8 czarno-pomarańczowy,M,1
GT-Air 3 Hike TC-8 czarno-pomarańczowy,L,1
GT-Air 3 Hike TC-10,XS,1
GT-Air 3 Hike TC-10,S,1
GT-Air 3 Hike TC-10,M,1
GT-Air 3 Hike TC-10,L,1
GT-Air 3 Hike TC-11,S,1
GT-Air 3 Hike TC-11,M,1
GT-Air 3 Hike TC-11,L,1
GT-Air 3 MM93 Collection Grip TC-1,XS,1
GT-Air 3 MM93 Collection Grip TC-1,S,1
GT-Air 3 MM93 Collection Grip TC-1,M,1
GT-Air 3 MM93 Collection Grip TC-1,L,1
X-SPR PRO biały połysk,XXS,1
X-SPR PRO biały połysk,XS,1
X-SPR PRO biały połysk,L,1
X-SPR PRO czarny mat,XXS,1
X-SPR PRO czarny mat,S,1
X-SPR PRO czarny mat,M,1
X-SPR PRO czarny połysk,M,1
X-SPR PRO czarny połysk,L,1
X-SPR PRO Escalate TC-1 czerwono-czarny,L,1
X-SPR PRO Escalate TC-2 niebiesko-biały,S,1
X-SPR PRO Escalate TC-5 czarno-biały,XS,1
X-SPR PRO Marquez7 TC-1 czerwono-niebieski,S,0
X-SPR PRO Marquez Dazzle TC-10 czerwono-niebieski,S,0
X-SPR PRO Marquez Barcelona TC-10,XS,0
X-SPR PRO Marquez Motegi4 TC-1,S,1
X-SPR PRO Marquez Motegi4 TC-1,M,1
X-SPR PRO Crosslogo TC-5,XS,1
X-SPR PRO Crosslogo TC-5,M,1
X-SPR PRO Crosslogo TC-5,L,1
X-SPR PRO Daijiro TC-1,XS,1
X-SPR PRO Daijiro TC-1,S,1
X-SPR PRO Daijiro TC-1,M,1
X-SPR PRO Daijiro TC-3,XS,1
X-SPR PRO Daijiro TC-3,S,1
X-SPR PRO Daijiro TC-3,M,1
X-SPR PRO Diggia2 TC-1,S,1
X-SPR PRO Marquez 8 TC-1,XS,1
X-SPR PRO Marquez 8 TC-1,M,1
X-SPR PRO Marquez 8 TC-1,L,1
NXR2 Prologue TC-8 czarno-pomarańczowy,XS,0
NXR2 Prologue TC-10 biało-niebieski,XS,0
NXR2 Nocturne TC-4 biało-czerwony,XXS,1
NXR2 Nocturne TC-4 biało-czerwony,XS,1
NXR2 Nocturne TC-4 biało-czerwony,L,0
NXR2 Nocturne TC-4 biało-czerwony,XL,1
NXR2 Nocturne TC-5 czarny mat,M,0
NXR2 Nocturne TC-7 czarno-różowy,509???,0
NXR2 Nocturne TC-7 czarno-różowy,L,1
NXR2 Arcane TC-10 czarno-niebiesko-czerwony,XS,0
NXR2 Scanner TC-5 czarno-biały mat,L,0
NXR2 Faust TC-5 czarny mat,509???,1
NXR2 MM93 Collection Rush TC-5 czarno-szary mat,L,0
NXR2 Accolade TC-10 szaro-niebieski mat,XXS,1
NXR2 Accolade TC-10 szaro-niebieski mat,L,0
NXR2 Fortress TC-1 czerwony,XXS,1
NXR2 Fortress TC-1 czerwony,S,1
NXR2 Fortress TC-1 czerwony,XL,1
NXR2 Fortress TC-6 biało-niebieski,XXS,1
NXR2 Fortress TC-6 biało-niebieski,M,1
NXR2 Yonder TC-2 czarno-niebieski mat,XXS,0
NXR2 Yonder TC-2 czarno-niebieski mat,M,2
NXR2 Yonder TC-2 czarno-niebieski mat,L,1
NXR2 Diggia TC-10 niebiesko-biało-czerwony,XXS,1
NXR2 Diggia TC-10 niebiesko-biało-czerwony,XS,1
NXR2 MM93 Collection Track TC-1 czarno-czerwony,XXS,1
NXR2 MM93 Collection Track TC-1 czarno-czerwony,M,0
NXR2 MM93 Collection Track TC-1 czarno-czerwony,L,1
NXR2 Marquez American Spt. TC-10,M,0
NXR2 czarny mat,XXS,2
NXR2 czarny mat,XS,1
NXR2 czarny mat,S,3
NXR2 czarny mat,M,2
NXR2 czarny mat,L,1
NXR2 czarny mat,XL,1
NXR2 czarny połysk,509???,1
NXR2 czarny połysk,XS,2
NXR2 czarny połysk,S,2
NXR2 czarny połysk,M,1
NXR2 czarny połysk,L,4
NXR2 czarny połysk,XL,1
NXR2 biały połysk,509???,1
NXR2 biały połysk,XXS,1
NXR2 biały połysk,XS,2
NXR2 biały połysk,S,1
NXR2 biały połysk,M,2
NXR2 biały połysk,L,3
NXR2 biały połysk,XL,2
NXR2 biały połysk,XXL,1
NXR2 szary połysk,XS,1
NXR2 szary połysk,S,0
NXR2 szary połysk,M,1
NXR2 szary połysk,L,1
NXR2 niebieski mat,XS,1
NXR2 niebieski mat,S,1
NXR2 niebieski mat,M,1
NXR2 niebieski mat,L,2
NXR2 Ideograph TC-6 czarno-niebiesko-biały,XS,0
NXR2 Ideograph TC-6 czarno-niebiesko-biały,S,1
NXR2 Ideograph TC-6 czarno-niebiesko-biały,M,1
NXR2 Ideograph TC-6 czarno-niebiesko-biały,L,1
NXR2 Origami TC5 biało-czarno-niebieski,M,3
NXR2 Origami TC5 biało-czarno-niebieski,L,2
NXR2 Origami TC5 biało-czarno-niebieski,XL,1
NXR2 Gleam TC-5,XS,1
NXR2 Gleam TC-5,S,3
NXR2 Gleam TC-5,L,1
NXR2 Capriccio TC-11,M,1
NXR2 Capriccio TC-10,XS,3
NXR2 Capriccio TC-10,S,1
NXR2 Capriccio TC-10,M,1
NXR2 Capriccio TC-5,S,1
NXR2 Capriccio TC-4,XS,1
NXR2 Capriccio TC-4,S,1
NXR2 Capriccio TC-4,M,0
NXR2 Capriccio TC-4,L,1
NXR2 Capriccio TC-1,XS,1
NXR2 Capriccio TC-1,S,1
NXR2 Capriccio TC-1,M,1
NXR2 Sheen TC-2,S,1
NXR2 Sheen TC-1,XS,2
NXR2 Sheen TC-1,S,1
NXR2 Sheen TC-1,M,1
NXR2 Beaut TC-1,XS,0
NXR2 Beaut TC-1,S,1
NXR2 Beaut TC-1,L,1
NXR2 Beaut TC-3,S,1
NXR2 Beaut TC-3,M,1
NXR2 Beaut TC-3,L,1
NXR2 Beaut TC-6,XS,1
NXR2 Beaut TC-6,S,1
NXR2 Beaut TC-6,M,1
NXR2 Beaut TC-6,L,1
NXR2 Yagyo TC-2,XXS,1
NXR2 Yagyo TC-2,XS,2
NXR2 Yagyo TC-2,S,2
NXR2 Yagyo TC-2,S,0
NXR2 Yagyo TC-2,M,4
NXR2 Yagyo TC-2,L,1
NXR2 Knee Down TC-5,XS,1
NXR2 Knee Down TC-5,S,1
NXR2 Knee Down TC-5,M,1
J-Cruise 3 czarny połysk,XS,1
J-Cruise 3 czarny połysk,S,1
J-Cruise 3 czarny połysk,L,1
J-Cruise 3 biały połysk,XXS,1
J-Cruise 3 biały połysk,XS,1
J-Cruise 3 biały połysk,S,1
J-Cruise 3 biały połysk,M,2
J-Cruise 3 biały połysk,XL,1
J-Cruise 3 czarny matowy,S,1
"J-Cruise 3 metaliczny niebieski, matowy",S,1
"J-Cruise 3 metaliczny niebieski, matowy",M,0
"J-Cruise 3 metaliczny niebieski, matowy",L,1
J-Cruise 3 Whizzy TC-1,L,1
J-Cruise 3 Whizzy TC-5,S,1
J-Cruise 3 Whizzy TC-5,M,1
J-Cruise 3 Whizzy TC-10,XS,1
J-Cruise 3 Whizzy TC-10,S,1
J-Cruise 3 Whizzy TC-11,S,1
J-Cruise 3 Whizzy TC-11,M,1
J-Cruise 3 Whizzy TC-11,L,1
